Year,Area_Harvested,Actual_Yield,Predicted_Yield,Residual
2019,16636.0,15938.4,16584.76173517735,-646.3617351773519
2020,16494.0,15943.5,16604.078847416837,-660.5788474168367
2021,17609.0,15916.2,16092.949829883946,-176.7498298839455
2022,19376.0,15877.0,15306.680894601202,570.3191053987975
2023,17966.0,15872.7,15861.086067740718,11.613932259282592
2024,18510.0,15868.5,15590.915475108413,277.5845248915866
