Year,Area_Harvested,Actual_Yield,Predicted_Yield,Residual
2019,10962.0,28293.6,24142.411737114948,4151.188262885051
2020,12254.0,30393.3,24124.907753196137,6268.392246803862
2021,14200.0,28378.4,24047.776918436022,4330.623081563979
2022,13452.0,27804.8,24216.26494631573,3588.5350536842707
2023,13022.0,28740.9,24355.76010176807,4385.13989823193
2024,12633.0,29188.6,24491.517182473443,4697.082817526556
