Year,Area_Harvested,Actual_Yield,Predicted_Yield,Residual
2019,2326.0,6853.0,7039.916860939527,-186.9168609395274
2020,2076.0,6973.9,7297.331652786117,-323.4316527861174
2021,2814.0,7134.4,7110.529944331211,23.870055668789064
2022,2441.0,7128.8,7423.246992794331,-294.446992794331
2023,2092.0,7223.1,7725.173357039632,-502.07335703963145
2024,2525.0,7314.0,7675.503260519879,-361.5032605198794
