Year,Area_Harvested,Actual_Yield,Predicted_Yield,Residual
2019,127922.0,12144.9,12828.129008216303,-683.2290082163036
2020,130018.0,11343.9,12760.854017442754,-1416.9540174427548
2021,194593.0,11443.5,9935.710284551038,1507.789715448962
2022,164773.0,11714.2,11277.230869466002,436.9691305339984
2023,130188.0,11906.3,12829.082038356282,-922.782038356283
2024,135264.0,11929.6,12630.267668727232,-700.667668727232
