Year,Area_Harvested,Actual_Yield,Predicted_Yield,Residual
2019,13152.0,3770.9,4156.693955346223,-385.79395534622336
2020,17665.0,3543.8,3558.5557221363088,-14.755722136308577
2021,15278.0,4077.7,3866.713403790156,210.9865962098438
2022,16823.0,4077.7,3658.4137612056984,419.2862387943014
2023,18368.0,4077.7,3450.114118621241,627.585881378759
2024,15635.0,4077.7,3803.7179432523117,273.98205674768815
