Year,Predicted_Area_Harvested,Predicted_Yield
2026,429881.7431318676,16998.602973901085
2027,433211.2228708789,17025.888090659326
2028,436540.70260989014,17053.17320741758
2029,439870.1823489014,17080.458324175823
2030,443199.66208791174,17107.74344093405
