Year,Predicted_Area_Harvested,Predicted_Yield
2026,50.59451659451952,16903.526479076456
2027,36.174891774895514,17082.06770562766
2028,21.75526695527151,17260.608932178882
2029,7.335642135643866,17439.15015873014
2030,-7.083982683980139,17617.69138528136
