Year,Predicted_Area_Harvested,Predicted_Yield
2026,728491.205631867,19890.26108058606
2027,742171.6791208796,20159.404601648333
2028,755852.1526098885,20428.548122710577
2029,769532.626098901,20697.69164377291
2030,783213.0995879136,20966.83516483518
