Year,Predicted_Area_Harvested,Predicted_Yield
2026,27627.589354395634,42225.194180402905
2027,27846.28138736263,42712.45949175814
2028,28064.973420329683,43199.72480311338
2029,28283.665453296737,43686.99011446885
2030,28502.357486263732,44174.255425824085
