Year,Predicted_Area_Harvested,Predicted_Yield
2026,432.2317307692301,2148.8695970695917
2027,438.24471153846207,2120.1582417582395
2028,444.2576923076922,2091.44688644688
2029,450.2706730769223,2062.7355311355277
2030,456.28365384615427,2034.0241758241682
