Year,Predicted_Area_Harvested,Predicted_Yield
2026,351665.2268086076,8357.92179029301
2027,356528.0414148364,8428.528550824121
2028,361390.8560210634,8499.135311355261
2029,366253.6706272904,8569.74207188643
2030,371116.48523351736,8640.348832417541
