Year,Predicted_Area_Harvested,Predicted_Yield
2026,918122.5807463378,40017.10870192305
2027,931283.4978021979,40486.56740384619
2028,944444.4148580618,40956.02610576933
2029,957605.331913922,41425.48480769235
2030,970766.2489697821,41894.94350961549
