Year,Predicted_Area_Harvested,Predicted_Yield
2026,3634.915270146521,2982.0781135531142
2027,3679.8870879120805,2992.490006868131
2028,3724.8589056776545,3002.901900183151
2029,3769.830723443214,3013.313793498168
2030,3814.802541208788,3023.725686813188
