Year,Predicted_Area_Harvested,Predicted_Yield
2026,2793953.594047621,8415.454010989022
2027,2830965.972321436,8414.933468406554
2028,2867978.350595236,8414.412925824174
2029,2904990.7288690507,8413.892383241764
2030,2942003.1071428508,8413.371840659354
