Year,Area_Harvested,Actual_Yield,Predicted_Yield,Residual
2019,345224.0,34755.2,33158.88786010095,1596.312139899048
2020,342208.0,34694.1,33902.407079684315,791.6929203156833
2021,340903.0,35380.6,34635.36620521289,745.2337947871056
2022,341466.0,35518.3,35356.79625085043,161.50374914957501
2023,333128.0,36130.7,36133.162238732446,-2.4622387324488955
2024,325500.0,37176.9,36905.14618875459,271.7538112454131
