Year,Area_Harvested,Actual_Yield,Predicted_Yield,Residual
2019,745907.0,19149.9,19449.626121894224,-299.72612189422216
2020,713472.0,20166.3,20727.265880562365,-560.9658805623658
2021,704017.0,21402.8,21633.25842756033,-230.45842756033016
2022,707492.0,21828.4,22330.138770602643,-501.73877060264203
2023,729420.0,22251.4,22728.585432315478,-477.18543231547665
2024,773047.0,21844.7,22776.10203110194,-931.4020311019376
