Year,Area_Harvested,Actual_Yield,Predicted_Yield,Residual
2019,355631.0,9700.5,9590.095551476319,110.40444852368091
2020,376061.0,10555.6,9787.859735733742,767.7402642662582
2021,386165.0,10259.0,9938.305252012797,320.6947479872033
2022,397119.0,9853.1,10092.645874604263,-239.54587460426228
2023,405343.0,9961.8,10234.476332215912,-272.67633221591313
2024,419628.0,10109.3,10404.081189073855,-294.7811890738558
