Year,Area_Harvested,Actual_Yield,Predicted_Yield,Residual
2019,119301.0,42149.8,40696.61787855625,1453.1821214437514
2020,119707.0,38971.8,41619.051421016455,-2647.251421016452
2021,121205.0,37694.9,42468.32568088174,-4773.425680881737
2022,122338.0,36984.3,43196.68431249261,-6212.384312492606
2023,121407.0,42862.8,43879.8985940814,-1017.0985940813989
2024,121205.0,40615.8,44492.759340941906,-3876.959340941903
