Year,Predicted_Area_Harvested,Predicted_Yield
2026,2010524.8410201073,26160.988855600765
2027,1984212.7498793602,26746.71267484798
2028,1955952.7331528664,27319.935750449717
2029,1925744.7908411026,27880.117882918858
2030,1893588.9229445457,28426.745417745842
