Year,Predicted_Area_Harvested,Predicted_Yield
2026,452839.05297875404,43617.22166070342
2027,462961.01256656647,45043.92247683182
2028,473169.8873799145,46511.70581798628
2029,483465.677418828,48020.930996753275
2030,493848.38268333673,49571.952297668904
