Year,Predicted_Area_Harvested,Predicted_Yield
2026,8860.343185551465,3911.156102936715
2027,8804.064092382789,3876.069355685264
2028,8725.945424370468,3851.2376468107104
2029,8625.987181529403,3840.1606730930507
2030,8504.189363844693,3846.6389702521265
