Year,Predicted_Area_Harvested,Predicted_Yield
2026,936868.6821212769,21994.110454440117
2027,968692.1369180679,22382.40773358941
2028,1001049.2088119984,22777.427449718118
2029,1033939.8978031874,23180.287078797817
2030,1067364.2038918734,23592.16659449041
