Year,Predicted_Area_Harvested,Predicted_Yield
2026,462322.77993507683,10107.102016957477
2027,469089.2517876178,10196.271058667451
2028,475826.1892951429,10285.99460507743
2029,482533.5924576372,10376.302458509803
2030,489211.4612751156,10467.224458495155
