Year,Area_Harvested,Actual_Yield,Predicted_Yield,Residual
2019,119301.0,42149.8,40424.51360507775,1725.286394922252
2020,119707.0,38971.8,41729.05706624687,-2757.2570662468643
2021,121205.0,37694.9,43223.33126013586,-5528.4312601358615
2022,122338.0,36984.3,44654.188130359165,-7669.8881303591625
2023,121407.0,42862.8,45726.43306621164,-2863.633066211638
2024,121205.0,40615.8,46925.33890330279,-6309.53890330279
