Year,Area_Harvested,Actual_Yield,Predicted_Yield,Residual
2019,348.0,9907.2,15116.068561323307,-5208.8685613233065
2020,339.0,10262.2,14883.744075293827,-4621.544075293827
2021,328.0,11036.9,14622.860505627876,-3585.960505627876
2022,338.0,10391.0,14661.84731414498,-4270.8473141449795
2023,335.0,10558.6,14515.200079024973,-3956.6000790249727
2024,334.0,10658.7,14397.11192754141,-3738.4119275414087
