Year,Predicted_Area_Harvested,Predicted_Yield
2026,2771189.782028392,20726.723239468876
2027,2811107.160782963,21080.430556318955
2028,2851024.539537549,21434.13787316857
2029,2890941.91829212,21787.845190018415
2030,2930859.297046706,22141.552506868262
