Year,Predicted_Area_Harvested,Predicted_Yield
2026,418898.6573946886,32059.90343177656
2027,426065.49931318685,32393.919065934024
2028,433232.34123168513,32727.934700091602
2029,440399.1831501834,33061.95033424918
2030,447566.0250686817,33395.96596840664
