Year,Predicted_Area_Harvested,Predicted_Yield
2026,10891.423645320232,4181.015073891631
2027,11195.497536945855,4180.536059113303
2028,11499.571428571478,4180.057044334979
2029,11803.645320197102,4179.578029556651
2030,12107.719211822725,4179.099014778323
