Year,Predicted_Area_Harvested,Predicted_Yield
2026,473855.9416666664,10257.732135989005
2027,481626.5812499989,10348.974093406578
2028,489397.2208333332,10440.21605082418
2029,497167.8604166657,10531.458008241752
2030,504938.5,10622.699965659325
