Year,Area_Harvested,Actual_Yield,Predicted_Yield,Residual
2019,340.0,1539.6,-497.59187874780037,2037.1918787478003
2020,524.0,1594.3,-2056.6266230989713,3650.9266230989715
2021,685.0,1653.6,-3445.1391586404643,5098.739158640465
2022,1039.0,1661.1,-6264.555446367827,7925.655446367828
2023,1108.0,1621.2,-6970.979146670434,8592.179146670434
2024,1097.0,1579.4,-7084.282120678341,8663.68212067834
