Year,Area_Harvested,Actual_Yield,Predicted_Yield,Residual
2019,109752.0,17164.8,18659.18994877243,-1494.3899487724302
2020,115724.0,17353.7,18202.006753879716,-848.306753879715
2021,113552.0,17615.7,18720.126745783782,-1104.4267457837814
2022,116582.0,17710.7,18615.26943197602,-904.5694319760187
2023,110537.0,17856.6,19597.20932103932,-1740.6093210393228
2024,103955.0,17998.0,20643.45886276837,-2645.4588627683697
