Year,Area_Harvested,Actual_Yield,Predicted_Yield,Residual
2019,7262.0,17097.5,19187.685392562766,-2090.1853925627656
2020,6724.0,16849.7,19812.54545245797,-2962.8454524579683
2021,5859.0,17651.0,20537.874292883207,-2886.874292883207
2022,6749.0,17470.9,20723.9899534001,-3253.0899534001
2023,5267.0,17502.6,21638.88832773047,-4136.288327730472
2024,6165.0,17542.5,21822.546036429936,-4280.046036429936
