Year,Predicted_Area_Harvested,Predicted_Yield
2026,12814.713690476201,28640.088827838772
2027,12896.939285714296,28895.012328296783
2028,12979.16488095239,29149.93582875468
2029,13061.390476190485,29404.859329212457
2030,13143.61607142858,29659.782829670352
