Year,Predicted_Area_Harvested,Predicted_Yield
2026,14129.372962454217,4815.081568223446
2027,14386.208722527488,4851.516559065945
2028,14643.044482600759,4887.95154990843
2029,14899.880242673971,4924.386540750915
2030,15156.716002747242,4960.821531593414
