Year,Area_Harvested,Actual_Yield,Predicted_Yield,Residual
2019,22164.0,40399.7,40872.59055631701,-472.89055631701194
2020,24429.0,40885.9,41278.492486222414,-392.59248622241284
2021,27612.0,41604.0,41577.19491939945,26.805080600548536
2022,29542.0,41698.4,42022.21649135742,-323.8164913574219
2023,28416.0,42190.8,42824.10261887289,-633.3026188728836
2024,31099.0,42687.5,43181.192577501526,-493.6925775015261
