Year,Area_Harvested,Actual_Yield,Predicted_Yield,Residual
2019,7192.0,57867.5,62987.11115031503,-5119.611150315031
2020,5541.0,58282.2,67047.03738345578,-8764.837383455786
2021,5740.0,61246.9,68154.29922000645,-6907.399220006446
2022,8146.0,61632.8,65739.11223316379,-4106.312233163786
2023,6875.0,62366.7,69192.54523889674,-6825.845238896742
2024,6829.0,63100.6,70690.83560364367,-7590.235603643676
