Year,Area_Harvested,Actual_Yield,Predicted_Yield,Residual
2019,16636.0,15938.4,15382.681870870292,555.7181291297074
2020,16494.0,15943.5,15158.812073722482,784.6879262775183
2021,17609.0,15916.2,15144.400446131825,771.7995538681753
2022,19376.0,15877.0,14331.773003071547,1545.2269969284534
2023,17966.0,15872.7,14599.318811327219,1273.3811886727817
2024,18510.0,15868.5,14149.209545068443,1719.2904549315572
