Year,Area_Harvested,Actual_Yield,Predicted_Yield,Residual
2019,10962.0,28293.6,23758.902749717236,4534.697250282763
2020,12254.0,30393.3,27383.963134601712,3009.336865398287
2021,14200.0,28378.4,30184.63843731582,-1806.2384373158202
2022,13452.0,27804.8,30670.487815141678,-2865.6878151416786
2023,13022.0,28740.9,31000.783641323447,-2259.8836413234458
2024,12633.0,29188.6,31156.827962368727,-1968.2279623687282
