Year,Area_Harvested,Actual_Yield,Predicted_Yield,Residual
2019,2326.0,6853.0,6644.275016065687,208.72498393431306
2020,2076.0,6973.9,6624.042697541416,349.85730245858394
2021,2814.0,7134.4,6984.075857684016,150.3241423159834
2022,2441.0,7128.8,6783.436669159681,345.3633308403196
2023,2092.0,7223.1,6621.448347631842,601.6516523681585
2024,2525.0,7314.0,6852.061632279307,461.93836772069335
