Year,Area_Harvested,Actual_Yield,Predicted_Yield,Residual
2019,127922.0,12144.9,13521.448872471345,-1376.548872471345
2020,130018.0,11343.9,13359.200999857218,-2015.300999857218
2021,194593.0,11443.5,7338.338444341673,4105.161555658327
2022,164773.0,11714.2,9832.40429103683,1881.795708963171
2023,130188.0,11906.3,13503.755860834848,-1597.4558608348489
2024,135264.0,11929.6,12957.755346739432,-1028.1553467394315
