Year,Area_Harvested,Actual_Yield,Predicted_Yield,Residual
2019,13152.0,3770.9,2778.226950121112,992.6730498788879
2020,17665.0,3543.8,6149.679494723678,-2605.8794947236775
2021,15278.0,4077.7,2634.065525053069,1443.6344749469308
2022,16823.0,4077.7,3244.792047260329,832.9079527396707
2023,18368.0,4077.7,4273.302867053077,-195.6028670530768
2024,15635.0,4077.7,728.5054550198838,3349.194544980116
