Year,Predicted_Area_Harvested,Predicted_Yield
2026,103064.55967333913,47636.472729826346
2027,99698.65381744504,49290.85746471677
2028,96258.63767904043,51042.34035170451
2029,92744.5112580657,52895.25943614729
2030,89156.27455458045,54854.04284935165
