Year,Predicted_Area_Harvested,Predicted_Yield
2026,360.58818792097736,13191.508668541908
2027,357.0471456970554,12749.788554117084
2028,353.3610083129606,12276.521568534896
2029,349.52977576863486,11770.840350719169
2030,345.5534480640781,11231.868553413078
