Year,Predicted_Area_Harvested,Predicted_Yield
2026,42254.55904488638,11847.459964867681
2027,43073.66630718112,12353.843916634098
2028,43906.724412653595,12897.712001621723
2029,44753.733361296356,13480.563618948683
2030,45614.69315312058,14103.918455634266
