Year,Predicted_Area_Harvested,Predicted_Yield
2026,397049.3015829623,15788.287800468504
2027,397520.1308414042,15539.521013863385
2028,397906.88214454055,15266.346694387496
2029,398209.5554923415,14967.478584945202
2030,398428.1508848667,14641.597139425576
