Year,Area_Harvested,Actual_Yield,Predicted_Yield,Residual
2019,2041392.0,20783.2,21328.18479519221,-544.9847951922093
2020,2000998.0,22022.6,22017.012420227984,5.587579772014578
2021,1975536.0,23277.2,22681.804859316908,595.3951406830929
2022,1955950.0,24322.3,23337.13903744775,985.1609625522506
2023,1994072.0,24875.2,23899.583950199187,975.6160498008139
2024,2089744.0,24541.9,24369.393921130104,172.50607886989746
