Year,Area_Harvested,Actual_Yield,Predicted_Yield,Residual
2019,8514.0,4175.9,4569.730802632432,-393.8308026324321
2020,8802.0,4183.2,4595.024524292821,-411.8245242928215
2021,8627.0,4179.3,4743.761688792059,-564.4616887920592
2022,8648.0,4179.5,4840.24201787787,-660.7420178778702
2023,8693.0,4180.7,4930.323550790636,-749.6235507906358
2024,8656.0,4179.9,5042.267637294688,-862.3676372946884
