Year,Area_Harvested,Actual_Yield,Predicted_Yield,Residual
2019,22164.0,40399.7,40511.989688102156,-112.28968810215883
2020,24429.0,40885.9,40542.9426449351,342.9573550649002
2021,27612.0,41604.0,40649.963264305145,954.0367356948555
2022,29542.0,41698.4,41078.60924773291,619.7907522670939
2023,28416.0,42190.8,41604.59981215373,586.2001878462761
2024,31099.0,42687.5,42056.39826163277,631.1017383672297
