Year,Area_Harvested,Actual_Yield,Predicted_Yield,Residual
2019,7192.0,57867.5,56922.23940658569,945.2605934143066
2020,5541.0,58282.2,58528.0574991703,-245.85749917030626
2021,5740.0,61246.9,57947.96367549896,3298.936324501039
2022,8146.0,61632.8,55075.93453848362,6556.865461516383
2023,6875.0,62366.7,55671.83078944683,6694.869210553166
2024,6829.0,63100.6,54965.62843298912,8134.971567010878
