Year,Area_Harvested,Actual_Yield,Predicted_Yield,Residual
2019,340.0,1539.6,1216.0001956820488,323.5998043179511
2020,524.0,1594.3,-2309.8111306130886,3904.111130613089
2021,685.0,1653.6,-7375.816032871604,9029.416032871604
2022,1039.0,1661.1,-25647.229251757264,27308.329251757263
2023,1108.0,1621.2,-29925.561951071024,31546.761951071025
2024,1097.0,1579.4,-28661.877417191863,30241.277417191865
