Year,Area_Harvested,Actual_Yield,Predicted_Yield,Residual
2019,109752.0,17164.8,17372.162551552057,-207.362551552058
2020,115724.0,17353.7,17149.89762674272,203.80237325728012
2021,113552.0,17615.7,17203.70140709728,411.9985929027207
2022,116582.0,17710.7,17125.7570380643,584.9429619356997
2023,110537.0,17856.6,17103.372091837227,753.2279081627712
2024,103955.0,17998.0,16907.293673224747,1090.7063267752528
