Year,Area_Harvested,Actual_Yield,Predicted_Yield,Residual
2019,7262.0,17097.5,15441.230265259743,1656.2697347402573
2020,6724.0,16849.7,16854.63867096603,-4.93867096602844
2021,5859.0,17651.0,19117.3490800336,-1466.3490800336003
2022,6749.0,17470.9,17712.5294406116,-241.62944061159942
2023,5267.0,17502.6,21684.70162203908,-4182.101622039081
2024,6165.0,17542.5,20151.01090054214,-2608.51090054214
