Year,Predicted_Area_Harvested,Predicted_Yield
2026,9445.047847985348,60226.41768543981
2027,9448.990041208792,61224.49876373634
2028,9452.932234432235,62222.5798420331
2029,9456.874427655677,63220.66092032986
2030,9460.81662087912,64218.741998626385
