Year,Predicted_Area_Harvested,Predicted_Yield
2026,120270.03688186815,18545.918070054962
2027,120757.87287087913,18721.521407967026
2028,121245.70885989012,18897.12474587909
2029,121733.5448489011,19072.72808379121
2030,122221.38083791209,19248.331421703275
