Year,Predicted_Area_Harvested,Predicted_Yield
2026,6353.95151098902,18544.773834706983
2027,6446.70659340659,18763.425199175836
2028,6539.46167582419,18982.07656364469
2029,6632.2167582417605,19200.7279281136
2030,6724.97184065936,19419.379292582453
