Year,Area_Harvested,Actual_Yield,Predicted_Yield,Residual
2019,3425.0,2947.9,3073.061671673371,-125.16167167337107
2020,3378.0,2992.5,3090.371455937009,-97.87145593700916
2021,3428.0,2952.6,3103.9820317266094,-151.3820317266095
2022,3410.0,2964.2,3120.185867065018,-155.98586706501828
2023,3405.0,2969.7,3135.893932195573,-166.19393219557332
2024,3414.0,2962.2,3151.0680909484217,-188.86809094842192
