Year,Area_Harvested,Actual_Yield,Predicted_Yield,Residual
2019,308000.0,7519.5,8171.938753858209,-652.4387538582087
2020,310000.0,9077.4,8360.410049080849,716.9899509191509
2021,313000.0,7271.6,8492.353839948773,-1220.753839948773
2022,315000.0,8219.0,8698.659307897091,-479.6593078970909
2023,304000.0,9460.5,10019.908083215356,-559.4080832153559
2024,304130.0,8634.1,10502.743386209011,-1868.6433862090107
