Year,Area_Harvested,Actual_Yield,Predicted_Yield,Residual
2019,866000.0,35173.2,35058.077324474056,115.1226755259413
2020,897000.0,36340.0,34662.459752269904,1677.5402477300959
2021,924000.0,35781.4,34212.82381963957,1568.5761803604328
2022,963000.0,35854.6,33349.380070263054,2505.2199297369443
2023,994000.0,36835.0,32518.99389875232,4316.00610124768
2024,948469.0,39658.0,33871.975507222756,5786.024492777244
