Year,Area_Harvested,Actual_Yield,Predicted_Yield,Residual
2019,3425.0,2947.9,2959.3711145538837,-11.47111455388358
2020,3378.0,2992.5,2903.586818188429,88.91318181157112
2021,3428.0,2952.6,2896.972740015015,55.6272599849849
2022,3410.0,2964.2,2843.1885573063046,121.01144269369524
2023,3405.0,2969.7,2790.6271451879293,179.07285481207055
2024,3414.0,2962.2,2743.2106986846775,218.98930131532234
