Year,Area_Harvested,Actual_Yield,Predicted_Yield,Residual
2019,140000.0,21721.4,25486.634333968163,-3765.234333968161
2020,150000.0,21206.7,25447.82041120529,-4241.120411205291
2021,155000.0,21664.5,26998.244674563408,-5333.744674563408
2022,163000.0,20865.0,27850.183024525642,-6985.183024525642
2023,169000.0,22130.2,29433.900589585304,-7303.7005895853035
2024,179629.0,21735.3,29814.753393530846,-8079.453393530846
