Year,Area_Harvested,Actual_Yield,Predicted_Yield,Residual
2019,2572056.0,9965.1,10205.835298275051,-240.7352982750508
2020,2586382.0,9541.5,10568.167186950915,-1026.6671869509155
2021,2624906.0,9512.1,10924.395862387377,-1412.2958623873765
2022,2704000.0,9726.0,11278.632554532844,-1552.6325545328436
2023,2698000.0,9724.2,11686.147776377096,-1961.9477763770956
2024,2757664.0,10068.8,12088.32123528095,-2019.5212352809503
