Year,Area_Harvested,Actual_Yield,Predicted_Yield,Residual
2019,308000.0,7519.5,8585.22376044764,-1065.7237604476395
2020,310000.0,9077.4,8781.861727593467,295.538272406533
2021,313000.0,7271.6,8952.6896911051,-1681.0896911051004
2022,315000.0,8219.0,9149.327658250928,-930.3276582509279
2023,304000.0,9460.5,9681.495672642312,-220.99567264231155
2024,304130.0,8634.1,9926.398346584232,-1292.2983465842317
