Year,Area_Harvested,Actual_Yield,Predicted_Yield,Residual
2019,866000.0,35173.2,35966.49944943446,-793.2994494344603
2020,897000.0,36340.0,36502.67665846142,-162.67665846142336
2021,924000.0,35781.4,36952.82253324552,-1171.4225332455171
2022,963000.0,35854.6,37661.0624107584,-1806.4624107584023
2023,994000.0,36835.0,38197.23961978537,-1362.2396197853668
2024,948469.0,39658.0,37087.40081857552,2570.599181424477
