Year,Area_Harvested,Actual_Yield,Predicted_Yield,Residual
2019,140000.0,21721.4,19663.905906108208,2057.4940938917935
2020,150000.0,21206.7,17804.617130769882,3402.0828692301184
2021,155000.0,21664.5,17610.089975228067,4054.4100247719325
2022,163000.0,20865.0,16416.705847808626,4448.294152191374
2023,169000.0,22130.2,15889.226368307602,6240.973631692399
2024,179629.0,21735.3,13820.51058119908,7914.7894188009195
