Year,Area_Harvested,Actual_Yield,Predicted_Yield,Residual
2019,2572056.0,9965.1,9851.864478853066,113.23552114693484
2020,2586382.0,9541.5,10124.596136381733,-583.0961363817332
2021,2624906.0,9512.1,10287.78627092659,-775.6862709265897
2022,2704000.0,9726.0,10267.3207484975,-541.3207484974992
2023,2698000.0,9724.2,10632.065836729947,-907.8658367299467
2024,2757664.0,10068.8,10699.557657534839,-630.7576575348394
