Year,Predicted_Area_Harvested,Predicted_Yield
2026,24174.96607881412,46075.100272934884
2027,24093.045585867018,47002.63133279979
2028,24002.283548034728,47954.93340246752
2029,23902.679965328425,48932.94926556945
2030,23794.23483774066,49937.64503767714
