Year,Predicted_Area_Harvested,Predicted_Yield
2026,3616.2569733709097,77328.82291284949
2027,3112.6988087520003,80038.2627418451
2028,2594.2141630239785,82828.03970045596
2029,2060.8030361793935,85701.01210052893
2030,1512.4654282219708,88660.12973582
