Year,Predicted_Area_Harvested,Predicted_Yield
2026,684.7139714786317,228.94400640577078
2027,712.710041067563,91.62751286663115
2028,741.3526720923837,-43.959272373467684
2029,770.6418645533267,-177.49383501708508
2030,800.5776184499264,-308.64781162142754
