Year,Predicted_Area_Harvested,Predicted_Yield
2026,112273.40416814387,18729.40984074492
2027,112064.99044584483,18896.351098136976
2028,111836.09879086167,19060.413408549502
2029,111586.72920318693,19221.36875737738
2030,111316.88168283552,19378.983102694154
