Year,Predicted_Area_Harvested,Predicted_Yield
2026,6657.277156445663,19502.057760179043
2027,6776.44215421658,19837.52830059454
2028,6896.383914203849,20176.25929888338
2029,7017.102436407702,20518.24084123969
2030,7138.5977208276745,20863.46371307224
