Year,Predicted_Area_Harvested,Predicted_Yield
2026,136628.58759157546,23072.479789377307
2027,139183.51744505484,23175.706751373596
2028,141738.44729853515,23278.933713369886
2029,144293.37715201452,23382.160675366293
2030,146848.30700549483,23485.3876373627
