Year,Predicted_Area_Harvested,Predicted_Yield
2026,19606.08275803551,14681.88483224716
2027,19766.049871299416,14530.641409981996
2028,19935.09493618086,14373.376717844047
2029,20113.217952679843,14210.141285294667
2030,20300.41892080009,14040.990002858452
