Year,Predicted_Area_Harvested,Predicted_Yield
2026,15561.357876934111,26057.22964239819
2027,15882.72790838033,26053.877246885095
2028,16211.131599716842,26042.273331328295
2029,16546.568950941786,26022.660648104735
2030,16889.0399620533,25995.299590289127
