Year,Predicted_Area_Harvested,Predicted_Yield
2026,2709.635844263714,7987.132168320939
2027,2768.847508540377,8189.11428039521
2028,2829.2982992813922,8397.410592067987
2029,2890.9882164881565,8612.194318132475
2030,2953.9172601597384,8833.646828696132
