Year,Predicted_Area_Harvested,Predicted_Yield
2026,182793.35690282285,11531.611894572154
2027,186497.64917239547,11528.912152605131
2028,190249.18129214644,11531.718546946533
2029,194047.95326212049,11540.341340914369
2030,197893.9650822878,11555.094228432514
