Year,Predicted_Area_Harvested,Predicted_Yield
2026,17135.68142280914,3981.5913328099996
2027,17654.2700321842,3851.762769555673
2028,18180.557254772633,3708.5645397063345
2029,18714.543090576306,3551.570952070877
2030,19256.227539595217,3380.3555038422346
