Year,Predicted_Area_Harvested,Predicted_Yield
2026,132004.625,39791.91785485344
2027,131158.46875,40207.31978708785
2028,130312.3125,40622.72171932226
2029,129466.15625,41038.12365155667
2030,128620.0,41453.5255837912
