Year,Predicted_Area_Harvested,Predicted_Yield
2026,417.247847985348,17325.855247252737
2027,418.640041208791,17444.206476648338
2028,420.0322344322344,17562.55770604394
2029,421.42442765567785,17680.90893543957
2030,422.8166208791208,17799.26016483517
