Year,Predicted_Area_Harvested,Predicted_Yield
2026,36806.7547847986,9521.052065018303
2027,37151.533379120985,9580.044010989019
2028,37496.311973443255,9639.035956959706
2029,37841.09056776564,9698.027902930422
2030,38185.86916208791,9757.019848901109
