Year,Area_Harvested,Actual_Yield,Predicted_Yield,Residual
2019,2041392.0,20783.2,21629.96087433677,-846.7608743367709
2020,2000998.0,22022.6,22448.574908823008,-425.9749088230092
2021,1975536.0,23277.2,23214.569246553583,62.63075344641766
2022,1955950.0,24322.3,23963.28623607941,359.01376392058955
2023,1994072.0,24875.2,24454.676100374898,420.5238996251028
2024,2089744.0,24541.9,24623.8701779393,-81.9701779392999
