Year,Area_Harvested,Actual_Yield,Predicted_Yield,Residual
2019,345224.0,34755.2,35147.134617716074,-391.9346177160769
2020,342208.0,34694.1,36877.09601980448,-2182.996019804479
2021,340903.0,35380.6,38494.523103028536,-3113.9231030285373
2022,341466.0,35518.3,39898.51600766182,-4380.216007661817
2023,333128.0,36130.7,43050.36874952912,-6919.668749529126
2024,325500.0,37176.9,46422.601919174194,-9245.701919174193
