Year,Area_Harvested,Actual_Yield,Predicted_Yield,Residual
2019,8514.0,4175.9,3959.183332145214,216.71666785478556
2020,8802.0,4183.2,3794.855789244175,388.34421075582486
2021,8627.0,4179.3,3459.4444931447506,719.8555068552496
2022,8648.0,4179.5,3104.607749015093,1074.8922509849072
2023,8693.0,4180.7,2697.9581475257874,1482.7418524742125
2024,8656.0,4179.9,2170.6118625104427,2009.288137489557
