Year,Area_Harvested,Actual_Yield,Predicted_Yield,Residual
2019,745907.0,19149.9,19493.220278743654,-343.32027874365303
2020,713472.0,20166.3,20621.322823595954,-455.02282359595483
2021,704017.0,21402.8,21480.02081788145,-77.22081788145078
2022,707492.0,21828.4,22145.6058153091,-317.2058153090984
2023,729420.0,22251.4,22515.970182045596,-264.57018204559427
2024,773047.0,21844.7,22581.97559729358,-737.2755972935811
