Year,Area_Harvested,Actual_Yield,Predicted_Yield,Residual
2019,355631.0,9700.5,9109.3827720657,591.1172279343009
2020,376061.0,10555.6,9294.571029521525,1261.0289704784755
2021,386165.0,10259.0,9357.190123222768,901.8098767772317
2022,397119.0,9853.1,9418.367684446275,434.73231555372513
2023,405343.0,9961.8,9444.778127133846,517.021872866153
2024,419628.0,10109.3,9515.505041874945,593.7949581250541
