Year,Predicted_Area_Harvested,Predicted_Yield
2026,325582.8022879064,9109.84990682453
2027,328174.67596274614,9306.405521035194
2028,330699.75725725293,9512.751377776265
2029,333158.0461714566,9729.303744323552
2030,335549.54270526767,9956.486705742776
