Year,Predicted_Area_Harvested,Predicted_Yield
2026,1073825.4906907082,34641.142561495304
2027,1100543.1271783113,33990.7972869724
2028,1127659.4907081127,33242.786849841475
2029,1155174.581279993,32393.27595423162
2030,1183088.3988939524,31438.38506051898
