Year,Predicted_Area_Harvested,Predicted_Yield
2026,4239.414795654826,2200.2602917072363
2027,4337.019094514195,2076.39814618323
2028,4436.171407524031,1942.1233136430383
2029,4536.8717346838675,1797.047779288143
2030,4639.120075992774,1640.778842072934
