Year,Predicted_Area_Harvested,Predicted_Yield
2026,188607.53327798843,23537.348174095154
2027,195688.15878659487,23839.128052562475
2028,202901.89299097657,24154.670327946544
2029,210248.73589107394,24483.701172828674
2030,217728.68748691678,24825.903576731682
