Year,Predicted_Area_Harvested,Predicted_Yield
2026,3243192.0557289124,11342.02648846874
2027,3319318.666261673,11739.824122331107
2028,3396595.6953902245,12163.042055075506
2029,3475023.143114567,12612.44904353822
2030,3554601.0094347,13088.82031928975
