Year,Predicted_Area_Harvested,Predicted_Yield
2026,16061.142651098897,16749.830171703295
2027,15912.459409340634,16789.65677197803
2028,15763.77616758243,16829.48337225274
2029,15615.092925824167,16869.309972527473
2030,15466.409684065962,16909.13657280219
