Year,Predicted_Area_Harvested,Predicted_Yield
2026,2225.7569597069596,5972.443351648351
2027,2242.8383241758274,5994.782239010994
2028,2259.919688644688,6017.121126373626
2029,2277.001053113556,6039.460013736269
2030,2294.0824175824164,6061.7989010989
