Year,Predicted_Area_Harvested,Predicted_Yield
2026,164346.1953983521,12295.8970947802
2027,166444.33276098873,12288.821868131869
2028,168542.4701236263,12281.746641483507
2029,170640.60748626385,12274.671414835146
2030,172738.7448489014,12267.596188186784
